id,link
ObjectId(5787655451d6da3331f9307d),www.immobilienscout24.de/expose/88509198
ObjectId(5787654f51d6da3331f9307b),www.immobilienscout24.de/expose/88509198
ObjectId(5787656451d6da3331f93091),www.immobilienscout24.de/expose/66504884
ObjectId(5787656451d6da3331f93092),www.immobilienscout24.de/expose/66504884
ObjectId(5787662851d6da3331f93106),www.immowelt.de/expose/2AJER48
ObjectId(5787662a51d6da3331f93107),www.immowelt.de/expose/2AJER48
ObjectId(5787673a51d6da3331f931d5),www.immowelt.de/expose/2ADWE48
ObjectId(5787673c51d6da3331f931d6),www.immowelt.de/expose/2ADWE48
ObjectId(578767a851d6da3331f9322b),www.immowelt.de/expose/2AMUH48
ObjectId(578767a951d6da3331f9322c),www.immowelt.de/expose/2AMUH48
ObjectId(578767ba51d6da3331f93239),www.immowelt.de/expose/2AH2C49
ObjectId(5787684c51d6da3331f932b0),www.immobilienscout24.de/expose/88925989
ObjectId(5787686651d6da3331f932bc),www.immowelt.de/expose/29KYE4W
ObjectId(5787688e51d6da3331f932d5),www.immowelt.de/expose/2APXB49
ObjectId(578768f051d6da3331f93320),www.immowelt.de/expose/2AYXB49
ObjectId(5787697651d6da3331f933b0),www.immowelt.de/expose/2AG274A
ObjectId(5787697751d6da3331f933b1),www.immowelt.de/expose/2AG274A
ObjectId(578769d251d6da3331f93434),www.immobilienscout24.de/expose/88923757
ObjectId(578769da51d6da3331f93442),unknown
ObjectId(578769dc51d6da3331f93445),unknown
ObjectId(578769e151d6da3331f9344e),unknown
ObjectId(57876a3a51d6da3331f93493),www.immobilienscout24.de/expose/88964371
ObjectId(57876a7251d6da3331f934ba),www.immobilienscout24.de/expose/88980666
ObjectId(57876a5151d6da3331f934a2),www.immobilienscout24.de/expose/88992451
ObjectId(57876a6551d6da3331f934b2),www.immowelt.de/expose/2A6N84A
ObjectId(57876a7251d6da3331f934bb),www.immobilienscout24.de/expose/88992451
ObjectId(57876a8d51d6da3331f934dc),www.immowelt.de/expose/2A38X4A
ObjectId(57876ac551d6da3331f93500),www.immowelt.de/expose/2AYDU4A
ObjectId(57876acb51d6da3331f93501),www.immowelt.de/expose/2AYDU4A
ObjectId(57876b2751d6da3331f93567),www.immowelt.de/expose/2ANW74A
ObjectId(57876b4e51d6da3331f93588),www.immobilienscout24.de/expose/88987741
ObjectId(57876b3c51d6da3331f9357c),www.immowelt.de/expose/2AR524B
ObjectId(57876b7c51d6da3331f935c3),www.immobilienscout24.de/expose/34624116
ObjectId(57876ba451d6da3331f935df),www.immobilienscout24.de/expose/88909977
ObjectId(57876c5451d6da3331f9364e),www.immobilienscout24.de/expose/89003053
ObjectId(57876c6151d6da3331f93652),www.immowelt.de/expose/28A5E4B
ObjectId(57876d4d51d6da3331f936d3),www.immowelt.de/expose/2ASPA4C
ObjectId(57876db751d6da3331f936f5),www.immobilienscout24.de/expose/88931145
ObjectId(57876db851d6da3331f936f6),www.immobilienscout24.de/expose/88931145
ObjectId(57876db951d6da3331f936f7),www.immobilienscout24.de/expose/88931145
ObjectId(57876deb51d6da3331f93725),www.immowelt.de/expose/2AZZB4C
ObjectId(57876dec51d6da3331f93727),www.immowelt.de/expose/2AZZB4C
ObjectId(57876ded51d6da3331f93729),www.immowelt.de/expose/2AZZB4C
ObjectId(57876e0551d6da3331f93742),www.immobilienscout24.de/expose/89044998
ObjectId(57876e0351d6da3331f9373e),unknown
ObjectId(57876e6a51d6da3331f937c2),www.immowelt.de/expose/2AX5X4A
ObjectId(57876e9e51d6da3331f937f1),www.immowelt.de/expose/2AYQ24D
ObjectId(57876ea151d6da3331f937f3),www.immowelt.de/expose/2AYQ24D
ObjectId(57876ead51d6da3331f93802),www.immowelt.de/expose/2AMYU4C
ObjectId(57876eae51d6da3331f93803),www.immowelt.de/expose/2AMYU4C
ObjectId(57876eae51d6da3331f93804),www.immowelt.de/expose/2A75W4C
ObjectId(5787702c51d6da3331f938ea),www.immobilienscout24.de/expose/89105566
ObjectId(5787707f51d6da3331f93954),www.immowelt.de/expose/2APUZ4B
ObjectId(5787710151d6da3331f939d3),www.immobilienscout24.de/expose/89105566
ObjectId(5787710651d6da3331f939d9),www.immobilienscout24.de/expose/89068923
ObjectId(5787711451d6da3331f939e4),www.immobilienscout24.de/expose/89113201
ObjectId(5787711151d6da3331f939e0),www.immobilienscout24.de/expose/89122458
ObjectId(5787711c51d6da3331f939e8),www.immobilienscout24.de/expose/89122458
ObjectId(5787717651d6da3331f93a1a),www.immobilienscout24.de/expose/89106868
ObjectId(5787717b51d6da3331f93a1d),www.immowelt.de/expose/2AQ244F
ObjectId(5787718051d6da3331f93a23),www.immobilienscout24.de/expose/89147710
ObjectId(5787718351d6da3331f93a26),www.immowelt.de/expose/2AQ244F
ObjectId(5787718b51d6da3331f93a2e),www.immowelt.de/expose/2AQ244F
ObjectId(5787718e51d6da3331f93a31),www.immobilienscout24.de/expose/89139977
ObjectId(578771a951d6da3331f93a4a),www.immowelt.de/expose/2AMLF4E
ObjectId(578772d951d6da3331f93b50),www.immowelt.de/expose/2A3XU4F
ObjectId(578772cb51d6da3331f93b49),www.immobilienscout24.de/expose/89149656
ObjectId(578772e051d6da3331f93b55),unknown
ObjectId(5787730151d6da3331f93b7b),www.immobilienscout24.de/expose/65425030
ObjectId(5787731851d6da3331f93b8c),www.immowelt.de/expose/282DM4F
ObjectId(578773f751d6da3331f93c72),www.immobilienscout24.de/expose/89105566
ObjectId(5787741a51d6da3331f93c9d),www.immobilienscout24.de/expose/68425390
ObjectId(5787740851d6da3331f93c88),www.immobilienscout24.de/expose/89195211
ObjectId(5787746c51d6da3331f93ceb),www.immowelt.de/expose/2AS444G
ObjectId(5787748651d6da3331f93d00),www.immobilienscout24.de/expose/89180389
ObjectId(578774a951d6da3331f93d36),www.immowelt.de/expose/2A8KZ4F
ObjectId(578774a051d6da3331f93d27),www.immowelt.de/expose/2AS8U4G
ObjectId(578774a151d6da3331f93d2a),www.immowelt.de/expose/2AS8U4G
ObjectId(578775f351d6da3331f93dae),www.immowelt.de/expose/2AMYU4C
ObjectId(578775c151d6da3331f93d8d),www.immobilienscout24.de/expose/89215426
ObjectId(578775c151d6da3331f93d8e),www.immobilienscout24.de/expose/89218805
ObjectId(5787760751d6da3331f93dbb),www.immowelt.de/expose/2A4574H
ObjectId(5787761351d6da3331f93dca),www.immowelt.de/expose/2A4574H
ObjectId(5787763951d6da3331f93ddb),www.immowelt.de/expose/2AQTU4G
ObjectId(5787763b51d6da3331f93ddf),www.immobilienscout24.de/expose/57289304
ObjectId(5787766751d6da3331f93df8),www.immowelt.de/expose/2AYGM4H
ObjectId(578776f451d6da3331f93e57),www.immowelt.de/expose/2AUD24J
ObjectId(578776fa51d6da3331f93e63),www.immobilienscout24.de/expose/8923669
ObjectId(5787779351d6da3331f93ed8),www.immobilienscout24.de/expose/89222645
ObjectId(5787779451d6da3331f93ed9),www.immobilienscout24.de/expose/89222645
ObjectId(5787779551d6da3331f93eda),www.immobilienscout24.de/expose/89222645
ObjectId(578777ec51d6da3331f93f1c),www.immowelt.de/expose/2AY3J4J
ObjectId(578778fe51d6da3331f93f98),www.immowelt.de/expose/2AZZB4C
ObjectId(578778ff51d6da3331f93f99),www.immowelt.de/expose/2AZZB4C
ObjectId(5787791051d6da3331f93fa4),www.immobilienscout24.de/expose/85827402
ObjectId(5787793451d6da3331f93fd3),www.immowelt.de/expose/2ARXT4J
ObjectId(5787793d51d6da3331f93fde),www.immowelt.de/expose/2ARXT4J
ObjectId(5787798351d6da3331f94005),unknown
ObjectId(578779d451d6da3331f94031),www.immowelt.de/expose/2AEZM4J
ObjectId(57877a0951d6da3331f94064),www.immowelt.de/expose/2AANF4K
ObjectId(57877a1051d6da3331f9406a),www.immowelt.de/expose/2AANF4K
ObjectId(57877b0051d6da3331f9416e),www.immobilienscout24.de/expose/88691029
ObjectId(57877b4251d6da3331f941c4),www.immowelt.de/expose/2ASAL4K
ObjectId(57877b8151d6da3331f94209),www.immobilienscout24.de/expose/89105566
ObjectId(57877b9751d6da3331f9421f),www.immowelt.de/expose/2AANF4K
ObjectId(57877b9a51d6da3331f94221),www.immowelt.de/expose/2AANF4K
ObjectId(57877ba051d6da3331f94227),www.immowelt.de/expose/2AANF4K
ObjectId(57877bdc51d6da3331f94249),www.immowelt.de/expose/2A8FC4L
ObjectId(57877bde51d6da3331f9424a),www.immowelt.de/expose/2A5FC4L
ObjectId(57877be551d6da3331f9424e),www.immowelt.de/expose/2A5FC4L
ObjectId(57877bea51d6da3331f9424f),www.immowelt.de/expose/2A5FC4L
ObjectId(57877bf451d6da3331f94256),www.immowelt.de/expose/2A8FC4L
ObjectId(57877bf951d6da3331f94257),www.immowelt.de/expose/2A5FC4L
ObjectId(57877c0f51d6da3331f94266),www.immowelt.de/expose/2A8FC4L
ObjectId(57877c1451d6da3331f94267),www.immowelt.de/expose/2A5FC4L
ObjectId(57877c4251d6da3331f94289),www.immobilienscout24.de/expose/80010284
ObjectId(57877c6851d6da3331f942a1),www.immobilienscout24.de/expose/89317027
ObjectId(57877d2351d6da3331f94339),www.immowelt.de/expose/2AM5R4L
ObjectId(57877d9751d6da3331f9439f),quoka
ObjectId(57877d9751d6da3331f943a0),quoka
ObjectId(57877d9851d6da3331f943a1),quoka
ObjectId(57877d9b51d6da3331f943a5),quoka
ObjectId(57877d9c51d6da3331f943a6),quoka
ObjectId(57877d9c51d6da3331f943a7),quoka
ObjectId(57877d9d51d6da3331f943a8),quoka
ObjectId(57877d9e51d6da3331f943a9),quoka
ObjectId(57877dc651d6da3331f943d1),www.immowelt.de/expose/2AG6L4L
ObjectId(57877dc651d6da3331f943d2),www.immowelt.de/expose/2AG6L4L
ObjectId(578793e0a013d54b715593fc),www.immobilienscout24.de/expose/89345498
ObjectId(578793e1a013d54b715593fd),www.immobilienscout24.de/expose/89345498
ObjectId(5788e596a013d54b715594a3),www.immobilienscout24.de/expose/86752730
ObjectId(578a36e6a013d54b795590b0),www.immobilienscout24.de/expose/89381201
ObjectId(578b8870a013d54b725590fb),unknown
ObjectId(583d4bb9b5fa4d9eddf717dd),www.immobilienscout24.de/expose/89402612
ObjectId(583d4bbab5fa4d9eddf717df),www.immobilienscout24.de/expose/89402612
ObjectId(583d4bc1b5fa4d9eddf717eb),www.immobilienscout24.de/expose/89395000
ObjectId(583d4bc3b5fa4d9eddf717ed),www.immobilienscout24.de/expose/89395000
ObjectId(583d4be4b5fa4d9eddf7182a),www.immowelt.de/expose/2AYVS4N
ObjectId(583d4c03b5fa4d9eddf7186f),www.immobilienscout24.de/expose/89381201
ObjectId(583d4c04b5fa4d9eddf71870),www.immobilienscout24.de/expose/89381201
ObjectId(583d4bfbb5fa4d9eddf7185d),unknown
ObjectId(583d4c08b5fa4d9eddf71876),www.immowelt.de/expose/2A2GA4N
ObjectId(583d4c08b5fa4d9eddf71877),www.immowelt.de/expose/2A2GA4N
ObjectId(583d4c10b5fa4d9eddf71887),www.immobilienscout24.de/expose/88508121
ObjectId(583d4c17b5fa4d9eddf71897),www.immobilienscout24.de/expose/89331767
ObjectId(583d4c17b5fa4d9eddf71898),www.immobilienscout24.de/expose/89331767
ObjectId(583d4c18b5fa4d9eddf71899),www.immobilienscout24.de/expose/89331767
ObjectId(583d4c21b5fa4d9eddf718ae),www.immobilienscout24.de/expose/89176099
ObjectId(583d4c24b5fa4d9eddf718b7),unknown
ObjectId(583d4c28b5fa4d9eddf718bf),www.immowelt.de/expose/2AFXS4N
ObjectId(583d4c2bb5fa4d9eddf718c6),www.immobilienscout24.de/expose/89388712
ObjectId(589def4b39bec1ba2088cc4e),www.immowelt.de/expose/2BCXG4C
ObjectId(589def4c39bec1ba2088cc4f),www.immowelt.de/expose/2BCXG4C
ObjectId(589def6e39bec1ba2088cc6a),www.immobilienscout24.de/expose/90256888
ObjectId(583d4f2fb5fa4da044737ed5),www.immobilienscout24.de/expose/67274960
ObjectId(583d4f2fb5fa4da044737ed6),www.immobilienscout24.de/expose/67274960
ObjectId(583d4f65b5fa4da044737f4b),www.immowelt.de/expose/2BBVX4C
ObjectId(583d4f66b5fa4da044737f4e),www.immowelt.de/expose/2BBVX4C
ObjectId(583d4f71b5fa4da044737f68),www.immowelt.de/expose/2B65U4D
ObjectId(583d4f75b5fa4da044737f71),www.immowelt.de/expose/2BNGZ4D
ObjectId(583d4fc5b5fa4da044737fe9),www.immowelt.de/expose/2BL3R4E
ObjectId(583d4fc7b5fa4da044737fee),www.immowelt.de/expose/2BL3R4E
ObjectId(583d4fcdb5fa4da044737ffa),www.immowelt.de/expose/2BL3R4E
ObjectId(583d4fd0b5fa4da044738000),www.immowelt.de/expose/2BL3R4E
ObjectId(583d4fd2b5fa4da044738004),www.immowelt.de/expose/2BL3R4E
ObjectId(583d4fd0b5fa4da044738001),www.immowelt.de/expose/2BL3R4E
ObjectId(583d4ff9b5fa4da044738053),www.immowelt.de/expose/2BF7T4E
ObjectId(583d4ff9b5fa4da044738054),www.immowelt.de/expose/2BF7T4E
ObjectId(583d4ffcb5fa4da04473805c),www.immowelt.de/expose/2BW4P4E
ObjectId(583d5000b5fa4da044738064),www.immowelt.de/expose/2BW4P4E
ObjectId(583d5002b5fa4da044738067),www.immowelt.de/expose/2BW4P4E
ObjectId(583d502fb5fa4da0447380bd),www.immowelt.de/expose/2BVDZ4E
ObjectId(583d5064b5fa4da04473810e),www.immowelt.de/expose/2BF7T4E
ObjectId(583d5062b5fa4da04473810c),www.immowelt.de/expose/2BF7T4E
ObjectId(583d5063b5fa4da04473810d),www.immowelt.de/expose/2BF7T4E
ObjectId(583d5074b5fa4da044738121),www.immowelt.de/expose/2BW4P4E
ObjectId(583d5075b5fa4da044738122),www.immowelt.de/expose/2BW4P4E
ObjectId(583d5086b5fa4da04473812e),www.immowelt.de/expose/2BXKQ4E
ObjectId(583d5096b5fa4da044738140),www.immowelt.de/expose/2BR4H4F
ObjectId(583d50a9b5fa4da044738167),www.immowelt.de/expose/2BVX34C
ObjectId(583d50aab5fa4da044738169),www.immowelt.de/expose/2BVX34C
ObjectId(583d50bbb5fa4da04473818d),www.immowelt.de/expose/2BFAQ4F
ObjectId(583d50b8b5fa4da044738188),www.immobilienscout24.de/expose/90420525
ObjectId(583d50c6b5fa4da04473819d),www.immowelt.de/expose/2BFAQ4F
ObjectId(583d50c6b5fa4da04473819e),www.immowelt.de/expose/2BFAQ4F
ObjectId(583d50c8b5fa4da0447381a1),www.immowelt.de/expose/2BKSY4F
ObjectId(583d50c9b5fa4da0447381a3),www.immowelt.de/expose/2BKSY4F
ObjectId(583d50e0b5fa4da0447381cd),www.immowelt.de/expose/2BFAQ4F
ObjectId(583d50e0b5fa4da0447381ce),www.immowelt.de/expose/2BFAQ4F
ObjectId(583d50d0b5fa4da0447381b1),www.immowelt.de/expose/2BAVP4F
ObjectId(583d50d1b5fa4da0447381b2),www.immowelt.de/expose/2BAVP4F
ObjectId(583d50d2b5fa4da0447381b4),www.immowelt.de/expose/2BAVP4F
ObjectId(583d50d3b5fa4da0447381b6),www.immowelt.de/expose/2BAVP4F
ObjectId(583d50d4b5fa4da0447381b8),www.immowelt.de/expose/2BAVP4F
ObjectId(583d50dbb5fa4da0447381c6),www.immowelt.de/expose/2BJFX4F
ObjectId(583d50dcb5fa4da0447381c8),www.immowelt.de/expose/2BJFX4F
ObjectId(583d50ddb5fa4da0447381ca),www.immowelt.de/expose/2BJFX4F
ObjectId(583d50e5b5fa4da0447381d8),www.immobilienscout24.de/expose/90420491
ObjectId(583d5111b5fa4da04473822a),www.immowelt.de/expose/2BBQ84G
ObjectId(583d5111b5fa4da04473822b),www.immowelt.de/expose/2BBQ84G
ObjectId(583d5112b5fa4da04473822c),www.immowelt.de/expose/2BBQ84G
ObjectId(583d5147b5fa4da044738290),www.immowelt.de/expose/2BQW94E
ObjectId(583d5158b5fa4da0447382b8),www.immobilienscout24.de/expose/90464225
ObjectId(583d5159b5fa4da0447382b9),www.immowelt.de/expose/2B74W4G
ObjectId(583d5159b5fa4da0447382bb),www.immowelt.de/expose/2B74W4G
ObjectId(583d515bb5fa4da0447382be),www.immowelt.de/expose/2B74W4G
ObjectId(583d5161b5fa4da0447382ca),www.immowelt.de/expose/2BV7D4G
ObjectId(583d5162b5fa4da0447382cc),www.immowelt.de/expose/2BK8S4G
ObjectId(583d5163b5fa4da0447382ce),www.immowelt.de/expose/2BK8S4G
ObjectId(583d5171b5fa4da0447382e5),www.immowelt.de/expose/2B2LQ4G
ObjectId(583d5174b5fa4da0447382eb),www.immowelt.de/expose/2B2LQ4G
ObjectId(583d5172b5fa4da0447382e8),www.immowelt.de/expose/2B2LQ4G
ObjectId(583d5174b5fa4da0447382ea),www.immowelt.de/expose/2B2LQ4G
ObjectId(583d5173b5fa4da0447382e9),www.immowelt.de/expose/2B2LQ4G
ObjectId(583d51a3b5fa4da044738346),www.immowelt.de/expose/2BJD54E
ObjectId(583d51b6b5fa4da04473835f),www.immowelt.de/expose/2BB954H
ObjectId(583d51b8b5fa4da044738362),www.immowelt.de/expose/2BB954H
ObjectId(583d51bab5fa4da044738366),www.immowelt.de/expose/2BB954H
ObjectId(583d51bcb5fa4da04473836a),www.immowelt.de/expose/2BB954H
ObjectId(583d51bcb5fa4da04473836b),www.immowelt.de/expose/2B9D84H
ObjectId(583d51d8b5fa4da0447383a5),www.immowelt.de/expose/2BHPR4F
ObjectId(583d5207b5fa4da0447383ff),www.immobilienscout24.de/expose/90506598
ObjectId(583d5226b5fa4da044738433),www.immobilienscout24.de/expose/90506598
ObjectId(583d523ab5fa4da04473845b),www.immowelt.de/expose/2BMCE4J
ObjectId(583d5248b5fa4da044738476),www.immobilienscout24.de/expose/89022022
ObjectId(583d5248b5fa4da044738477),www.immobilienscout24.de/expose/89022022
ObjectId(583d5251b5fa4da044738489),www.immobilienscout24.de/expose/90521304
ObjectId(583d525fb5fa4da0447384a8),www.immowelt.de/expose/2B4JQ4J
ObjectId(583d526fb5fa4da0447384c7),www.immobilienscout24.de/expose/90503866
ObjectId(583d5282b5fa4da0447384ed),www.immowelt.de/expose/2BS8K4J
ObjectId(583d5283b5fa4da0447384ee),www.immowelt.de/expose/2BS8K4J
ObjectId(583d5294b5fa4da044738511),www.immobilienscout24.de/expose/90537550
ObjectId(583d52a4b5fa4da044738530),www.immowelt.de/expose/2BDTG4K
ObjectId(583d52a5b5fa4da044738531),www.immowelt.de/expose/2BDTG4K
ObjectId(583d52a6b5fa4da044738534),www.immowelt.de/expose/2BDTG4K
ObjectId(583d52a7b5fa4da044738535),www.immowelt.de/expose/2BDTG4K
ObjectId(583d52a9b5fa4da044738538),www.immowelt.de/expose/2BDTG4K
ObjectId(583d52aab5fa4da04473853a),www.immowelt.de/expose/2BBTG4K
ObjectId(583d52d2b5fa4da04473858d),www.immowelt.de/expose/2BXZQ4K
ObjectId(583d52d8b5fa4da04473859a),www.immowelt.de/expose/2BYZQ4K
ObjectId(583d52d6b5fa4da044738597),www.immowelt.de/expose/2BYZQ4K
ObjectId(583d52f9b5fa4da0447385e0),www.immowelt.de/expose/2BKZQ4K
ObjectId(583d52fbb5fa4da0447385e4),www.immowelt.de/expose/2BKZQ4K
ObjectId(583d5309b5fa4da0447385ff),www.immowelt.de/expose/2BDTG4K
ObjectId(583d530ab5fa4da044738602),www.immobilienscout24.de/expose/90528767
ObjectId(583d530cb5fa4da044738606),www.immowelt.de/expose/2BDTG4K
ObjectId(583d5326b5fa4da044738637),www.immowelt.de/expose/2B22R4K
ObjectId(583d5327b5fa4da044738639),www.immowelt.de/expose/2B22R4K
ObjectId(583d535db5fa4da0447386a6),www.immobilienscout24.de/expose/89983657
ObjectId(583d539bb5fa4da044738728),www.immowelt.de/expose/2BF7D4M
ObjectId(583d5394b5fa4da044738716),www.immowelt.de/expose/2BA2R4K
ObjectId(583d5394b5fa4da044738717),www.immowelt.de/expose/2BA2R4K
ObjectId(583d5395b5fa4da044738718),www.immowelt.de/expose/2BA2R4K
ObjectId(583d5449b5fa4da04473887b),www.immowelt.de/expose/2B3QR4N
ObjectId(583d544cb5fa4da044738882),www.immowelt.de/expose/2B3QR4N
